[{"fields": {"town": "Glasgow", "admin_contact_number": "", "modified_by": "admin", "name": "Glasgow", "area": "", "admin_contact_name": "", "telephone": "", "longitude": -4.264358, "modified": "2015-07-27T10:06:46.166Z", "county": "", "surgeriescol": "", "addr2": "", "postcode": "G2 8LL", "full_name": "Glasgow Surgery", "addr1": "377 Argyle Street ", "hscic_code": "", "latitude": 55.858705}, "model": "fenland_models.surgery", "pk": 1}, {"fields": {"town": "Rotterdam", "admin_contact_number": "", "modified_by": "admin", "name": "Rotterdam", "area": "", "admin_contact_name": "", "telephone": "", "longitude": 0.0, "modified": "2015-05-20T14:41:04.508Z", "county": "", "surgeriescol": "", "addr2": "", "postcode": "", "full_name": "Rotterdam Surgery", "addr1": "", "hscic_code": "", "latitude": 0.0}, "model": "fenland_models.surgery", "pk": 2}, {"fields": {"town": "Glasgow", "admin_contact_number": "5676576547", "modified_by": "admin", "name": "Govan", "area": "", "admin_contact_name": "Bob", "telephone": "", "longitude": -4.293052, "modified": "2015-07-27T10:07:10.030Z", "county": "", "surgeriescol": "", "addr2": "", "postcode": "G51 1HJ", "full_name": "Sunny Govan", "addr1": "Govan Road", "hscic_code": "", "latitude": 55.854321}, "model": "fenland_models.surgery", "pk": 3}, {"fields": {"town": "Little", "admin_contact_number": "", "modified_by": "admin", "name": "Carriden", "area": "", "admin_contact_name": "Bob Walker", "telephone": "", "longitude": -3.565336, "modified": "2015-07-27T10:07:01.261Z", "county": "West Lothian", "surgeriescol": "", "addr2": "", "postcode": "EH51 9SN", "full_name": "Carriden", "addr1": " Carriden ", "hscic_code": "", "latitude": 56.010495}, "model": "fenland_models.surgery", "pk": 4}, {"fields": {"town": "Cambridge", "admin_contact_number": "", "modified_by": "admin", "name": "Cambridge", "area": "", "admin_contact_name": "", "telephone": "", "longitude": 0.140394, "modified": "2015-07-27T10:06:53.809Z", "county": "", "surgeriescol": "", "addr2": "Hills Road", "postcode": "CB2 0QQ", "full_name": "Cambridge Surgery", "addr1": "Addenbrooke's Hospital", "hscic_code": "", "latitude": 52.174791}, "model": "fenland_models.surgery", "pk": 5}, {"fields": {"surname": "Gillies", "home_tel": "", "work_tel": "", "sex": "M", "county": "Strathclyde", "addr2": "", "postcode": "G84 8LH", "addr1": "Some Street", "moved_away": 2, "modified_by": "admin", "title": "Mr", "phase2_comment": "", "email": "", "nhs_no": "", "reason": null, "diabetes_diagnosed": 2, "town": "Glasgow", "forenames": "David", "dob": "1978-03-21", "modified": "2015-05-21T09:28:56.041Z", "phase1_comment": "", "mobile": "", "surgeries": 4, "initials": ""}, "model": "fenland_models.volunteer", "pk": 1}, {"fields": {"surname": "Numan", "home_tel": "", "work_tel": "", "sex": "M", "county": "", "addr2": "", "postcode": "RH5 6YH", "addr1": "", "moved_away": null, "modified_by": "admin", "title": "Mr", "phase2_comment": "", "email": "", "nhs_no": "", "reason": null, "diabetes_diagnosed": 2, "town": "Cambridge", "forenames": "Artur", "dob": "1965-04-07", "modified": "2015-05-20T14:48:08.218Z", "phase1_comment": "", "mobile": "", "surgeries": 3, "initials": ""}, "model": "fenland_models.volunteer", "pk": 2}, {"fields": {"surname": "Ferguson", "home_tel": "", "work_tel": "", "sex": "M", "county": "", "addr2": "", "postcode": "G52", "addr1": "", "moved_away": 1, "modified_by": "admin", "title": "Mr", "phase2_comment": "", "email": "", "nhs_no": "", "reason": null, "diabetes_diagnosed": 2, "town": "Glasgow", "forenames": "Alex", "dob": "1940-03-27", "modified": "2015-05-20T14:47:54.427Z", "phase1_comment": "", "mobile": "", "surgeries": 4, "initials": ""}, "model": "fenland_models.volunteer", "pk": 3}, {"fields": {"surname": "Van CartHorse", "home_tel": "", "work_tel": "", "sex": "", "county": "", "addr2": "", "postcode": "AM67 7YH", "addr1": "", "moved_away": null, "modified_by": "admin", "title": "Mr", "phase2_comment": "", "email": "", "nhs_no": "", "reason": null, "diabetes_diagnosed": null, "town": "Cardiff", "forenames": "Gio", "dob": "1940-03-27", "modified": "2015-07-09T09:35:46.150Z", "phase1_comment": "", "mobile": "", "surgeries": 4, "initials": ""}, "model": "fenland_models.volunteer", "pk": 6}, {"fields": {"surname": "Hamster", "home_tel": "", "work_tel": "", "sex": "", "county": "", "addr2": "", "postcode": "HA7 8AH", "addr1": "", "moved_away": null, "modified_by": "admin", "title": "Mr", "phase2_comment": "", "email": "", "nhs_no": "", "reason": null, "diabetes_diagnosed": null, "town": "Cardiff", "forenames": "Jorg", "dob": "1968-03-23", "modified": "2015-05-20T14:47:38.101Z", "phase1_comment": "", "mobile": "", "surgeries": 4, "initials": ""}, "model": "fenland_models.volunteer", "pk": 7}, {"fields": {"surname": "Bishop", "home_tel": "", "work_tel": "", "sex": "", "county": "", "addr2": "Erinsborough", "postcode": "M67 6TY", "addr1": "Ramsay Street", "moved_away": 2, "modified_by": "david", "title": "Miss", "phase2_comment": "", "email": "", "nhs_no": "", "reason": null, "diabetes_diagnosed": 2, "town": "Aberdeen", "forenames": "Kerry", "dob": "1968-03-23", "modified": "2015-07-16T15:37:37.835Z", "phase1_comment": "", "mobile": "", "surgeries": 4, "initials": ""}, "model": "fenland_models.volunteer", "pk": 8}, {"fields": {"surname": "Kerr", "home_tel": "", "work_tel": "", "sex": "", "county": "", "addr2": "", "postcode": "G87 9YH", "addr1": "", "moved_away": null, "modified_by": "admin", "title": "Miss", "phase2_comment": "", "email": "", "nhs_no": "", "reason": null, "diabetes_diagnosed": null, "town": "Luss", "forenames": "Morag", "dob": "1950-03-03", "modified": "2015-07-21T16:56:30.479Z", "phase1_comment": "", "mobile": "", "surgeries": 4, "initials": ""}, "model": "fenland_models.volunteer", "pk": 9}, {"fields": {"surname": "Kerr", "home_tel": "", "work_tel": "", "sex": "", "county": "", "addr2": "", "postcode": "G87 9TH", "addr1": "Inverdarroch", "moved_away": null, "modified_by": "admin", "title": "Mr", "phase2_comment": "", "email": "", "nhs_no": "", "reason": null, "diabetes_diagnosed": null, "town": "Luss", "forenames": "Tom", "dob": "1948-03-03", "modified": "2015-05-20T14:47:05.806Z", "phase1_comment": "", "mobile": "", "surgeries": 4, "initials": ""}, "model": "fenland_models.volunteer", "pk": 10}, {"fields": {"surname": "Sneddon", "home_tel": "", "work_tel": "", "sex": "", "county": "", "addr2": "", "postcode": "", "addr1": "", "moved_away": null, "modified_by": "admin", "title": "Mr", "phase2_comment": "", "email": "", "nhs_no": "", "reason": null, "diabetes_diagnosed": null, "town": "Luss", "forenames": "Davie", "dob": "1955-03-03", "modified": "2015-07-21T16:43:31.148Z", "phase1_comment": "", "mobile": "", "surgeries": 1, "initials": ""}, "model": "fenland_models.volunteer", "pk": 11}, {"fields": {"surname": "Ben", "home_tel": "", "work_tel": "", "sex": "", "county": "", "addr2": "", "postcode": "", "addr1": "", "moved_away": null, "modified_by": "admin", "title": "Mr", "phase2_comment": "", "email": "", "nhs_no": "", "reason": null, "diabetes_diagnosed": null, "town": "London", "forenames": "Mr", "dob": "1955-03-03", "modified": "2015-05-20T14:46:41.103Z", "phase1_comment": "", "mobile": "", "surgeries": 4, "initials": ""}, "model": "fenland_models.volunteer", "pk": 12}, {"fields": {"surname": "Bagpuss", "home_tel": "", "work_tel": "", "sex": "", "county": "", "addr2": "", "postcode": "", "addr1": "Emily's Shop", "moved_away": null, "modified_by": "admin", "title": "Mr", "phase2_comment": "", "email": "", "nhs_no": "", "reason": null, "diabetes_diagnosed": null, "town": "Ipswich", "forenames": "Mr", "dob": "1970-03-03", "modified": "2015-05-20T14:46:33.212Z", "phase1_comment": "", "mobile": "", "surgeries": 4, "initials": ""}, "model": "fenland_models.volunteer", "pk": 13}, {"fields": {"surname": "Dragon", "home_tel": "", "work_tel": "", "sex": "", "county": "", "addr2": "", "postcode": "", "addr1": "", "moved_away": null, "modified_by": "admin", "title": "Mr", "phase2_comment": "", "email": "", "nhs_no": "", "reason": null, "diabetes_diagnosed": null, "town": "Liverpool", "forenames": "Soup", "dob": "1968-03-03", "modified": "2015-05-20T14:46:26.494Z", "phase1_comment": "", "mobile": "", "surgeries": 4, "initials": ""}, "model": "fenland_models.volunteer", "pk": 14}, {"fields": {"surname": "Abdoujaparov", "home_tel": "", "work_tel": "", "sex": "M", "county": "Kazakhstan", "addr2": "", "postcode": "G84 8LH", "addr1": "Some Street", "moved_away": 2, "modified_by": "david", "title": "Mr", "phase2_comment": "", "email": "", "nhs_no": "", "reason": null, "diabetes_diagnosed": 1, "town": "Glasgow", "forenames": "Djamolidine", "dob": "1978-03-21", "modified": "2015-07-29T11:28:36.111Z", "phase1_comment": "", "mobile": "", "surgeries": 4, "initials": ""}, "model": "fenland_models.volunteer", "pk": 15}, {"fields": {"surname": "Vennegoor of Hesselink", "home_tel": "", "work_tel": "", "sex": "M", "county": "", "addr2": "", "postcode": "G84 8LH", "addr1": "Some Street", "moved_away": 2, "modified_by": "admin", "title": "Mr", "phase2_comment": "", "email": "", "nhs_no": "", "reason": null, "diabetes_diagnosed": 2, "town": "Glasgow", "forenames": "Jan", "dob": "1968-04-22", "modified": "2015-07-23T11:52:44.924Z", "phase1_comment": "", "mobile": "", "surgeries": 2, "initials": ""}, "model": "fenland_models.volunteer", "pk": 25}, {"fields": {"surname": "Gillespie", "home_tel": "", "work_tel": "", "sex": "F", "county": "Falkirk", "addr2": "", "postcode": "", "addr1": "Grangepans", "moved_away": null, "modified_by": "admin", "title": "Ms", "phase2_comment": "", "email": "", "nhs_no": "", "reason": null, "diabetes_diagnosed": 2, "town": "Grangemouth", "forenames": "Mary", "dob": "1896-04-27", "modified": "2015-07-29T11:37:14.749Z", "phase1_comment": "", "mobile": "", "surgeries": 5, "initials": "M"}, "model": "fenland_models.volunteer", "pk": 26}, {"fields": {"repeat": null, "modified_by": "", "appt_time": "14:45:45", "modified": null, "test_site": "1", "studyphase": null, "volunteers": 26, "appt_date": "2015-05-20"}, "model": "fenland_models.appointment", "pk": 1}, {"fields": {"repeat": null, "modified_by": "", "appt_time": "14:45:53", "modified": null, "test_site": "2", "studyphase": null, "volunteers": 25, "appt_date": "2015-05-20"}, "model": "fenland_models.appointment", "pk": 2}, {"fields": {"repeat": null, "modified_by": "", "appt_time": "14:45:58", "modified": null, "test_site": "3", "studyphase": null, "volunteers": 25, "appt_date": "2015-05-20"}, "model": "fenland_models.appointment", "pk": 3}, {"fields": {"repeat": null, "modified_by": "", "appt_time": "14:46:07", "modified": null, "test_site": "3", "studyphase": null, "volunteers": 15, "appt_date": "2015-05-20"}, "model": "fenland_models.appointment", "pk": 4}, {"fields": {"repeat": null, "modified_by": "", "appt_time": "14:46:10", "modified": null, "test_site": "2", "studyphase": null, "volunteers": 15, "appt_date": "2015-05-20"}, "model": "fenland_models.appointment", "pk": 5}, {"fields": {"repeat": null, "modified_by": "", "appt_time": "14:46:19", "modified": null, "test_site": "1", "studyphase": null, "volunteers": 14, "appt_date": "2015-05-20"}, "model": "fenland_models.appointment", "pk": 6}, {"fields": {"repeat": null, "modified_by": "", "appt_time": "14:46:24", "modified": null, "test_site": "2", "studyphase": null, "volunteers": 14, "appt_date": "2015-05-20"}, "model": "fenland_models.appointment", "pk": 7}, {"fields": {"repeat": null, "modified_by": "", "appt_time": "14:46:31", "modified": null, "test_site": "1", "studyphase": null, "volunteers": 13, "appt_date": "2015-05-20"}, "model": "fenland_models.appointment", "pk": 8}, {"fields": {"repeat": null, "modified_by": "", "appt_time": "14:46:39", "modified": null, "test_site": "2", "studyphase": null, "volunteers": 12, "appt_date": "2015-05-20"}, "model": "fenland_models.appointment", "pk": 9}, {"fields": {"repeat": null, "modified_by": "", "appt_time": "14:46:47", "modified": null, "test_site": "4", "studyphase": null, "volunteers": 11, "appt_date": "2015-05-20"}, "model": "fenland_models.appointment", "pk": 10}, {"fields": {"repeat": null, "modified_by": "", "appt_time": "14:46:57", "modified": null, "test_site": "4", "studyphase": null, "volunteers": 10, "appt_date": "2015-05-20"}, "model": "fenland_models.appointment", "pk": 11}, {"fields": {"repeat": null, "modified_by": "", "appt_time": "14:47:03", "modified": null, "test_site": "3", "studyphase": null, "volunteers": 10, "appt_date": "2015-05-20"}, "model": "fenland_models.appointment", "pk": 12}, {"fields": {"repeat": null, "modified_by": "", "appt_time": "14:47:12", "modified": null, "test_site": "4", "studyphase": null, "volunteers": 9, "appt_date": "2015-05-20"}, "model": "fenland_models.appointment", "pk": 13}, {"fields": {"repeat": null, "modified_by": "", "appt_time": "14:47:16", "modified": null, "test_site": "3", "studyphase": null, "volunteers": 9, "appt_date": "2015-05-20"}, "model": "fenland_models.appointment", "pk": 14}, {"fields": {"repeat": null, "modified_by": "", "appt_time": "14:47:19", "modified": null, "test_site": "4", "studyphase": null, "volunteers": 9, "appt_date": "2015-05-20"}, "model": "fenland_models.appointment", "pk": 15}, {"fields": {"repeat": null, "modified_by": "", "appt_time": "14:47:26", "modified": null, "test_site": "2", "studyphase": null, "volunteers": 8, "appt_date": "2015-05-20"}, "model": "fenland_models.appointment", "pk": 16}, {"fields": {"repeat": null, "modified_by": "", "appt_time": "14:47:35", "modified": null, "test_site": "3", "studyphase": null, "volunteers": 7, "appt_date": "2015-05-20"}, "model": "fenland_models.appointment", "pk": 17}, {"fields": {"repeat": null, "modified_by": "", "appt_time": "14:47:44", "modified": null, "test_site": "1", "studyphase": null, "volunteers": 6, "appt_date": "2015-05-20"}, "model": "fenland_models.appointment", "pk": 18}, {"fields": {"repeat": null, "modified_by": "", "appt_time": "14:47:52", "modified": null, "test_site": "1", "studyphase": null, "volunteers": 3, "appt_date": "2015-05-20"}, "model": "fenland_models.appointment", "pk": 19}, {"fields": {"repeat": null, "modified_by": "", "appt_time": "14:48:06", "modified": null, "test_site": "1", "studyphase": null, "volunteers": 2, "appt_date": "2015-05-20"}, "model": "fenland_models.appointment", "pk": 20}, {"fields": {"repeat": null, "modified_by": "", "appt_time": "14:48:19", "modified": null, "test_site": "2", "studyphase": null, "volunteers": 1, "appt_date": "2015-05-20"}, "model": "fenland_models.appointment", "pk": 21}, {"fields": {"repeat": null, "modified_by": "", "appt_time": "15:48:19", "modified": null, "test_site": "3", "studyphase": null, "volunteers": 1, "appt_date": "2015-06-05"}, "model": "fenland_models.appointment", "pk": 22}, {"fields": {"repeat": null, "modified_by": "", "appt_time": "16:48:20", "modified": null, "test_site": "3", "studyphase": null, "volunteers": 1, "appt_date": "2015-06-18"}, "model": "fenland_models.appointment", "pk": 23}, {"fields": {"repeat": null, "modified_by": "", "appt_time": "17:48:20", "modified": null, "test_site": "2", "studyphase": null, "volunteers": 1, "appt_date": "2015-07-19"}, "model": "fenland_models.appointment", "pk": 24}, {"fields": {"repeat": null, "modified_by": "", "appt_time": "18:48:21", "modified": null, "test_site": "1", "studyphase": null, "volunteers": 1, "appt_date": "2015-08-18"}, "model": "fenland_models.appointment", "pk": 25}, {"fields": {"repeat": null, "modified_by": "", "appt_time": "15:56:44", "modified": null, "test_site": "4", "studyphase": null, "volunteers": 26, "appt_date": "2015-05-20"}, "model": "fenland_models.appointment", "pk": 26}, {"fields": {"repeat": null, "modified_by": "", "appt_time": "16:56:26", "modified": null, "test_site": "4", "studyphase": null, "volunteers": 9, "appt_date": "2015-07-21"}, "model": "fenland_models.appointment", "pk": 27}, {"fields": {"repeat": null, "modified_by": "", "appt_time": "11:37:07", "modified": null, "test_site": "2", "studyphase": null, "volunteers": 26, "appt_date": "2015-07-29"}, "model": "fenland_models.appointment", "pk": 28}, {"fields": {"repeat": null, "modified_by": "", "appt_time": "11:37:08", "modified": null, "test_site": "2", "studyphase": null, "volunteers": 26, "appt_date": "2015-07-29"}, "model": "fenland_models.appointment", "pk": 29}, {"fields": {"volunteers": 8, "curr_status": "active"}, "model": "fenland_models.status", "pk": 1}]